Bike_ID,Brand,Model_Name,Category,Engine_CC,Max_Power_bhp,Max_Torque_Nm,Top_Speed_kmph,Mileage_kmpl,Price_INR,Country_Origin,Launch_Year,ABS,Fuel_Type,Transmission,Popular_in_India,Description
B0001,Aprilia,V 150 R,Sports,155,36.9,28.3,125,31.8,239942,Italy,2025,Yes,Petrol,Manual,No,Entry-level performance machine
B0002,Suzuki,S 200 Pro,Cruiser,500,43.6,28.9,183,16.5,1878693,Japan,2022,Yes,Petrol,Automatic,Yes,Comfort-focused road cruiser
B0003,Honda,V 1000,Sports,0,87.0,126.6,106,,993216,Japan,2014,Yes,Electric,Manual,No,High-performance sportbike
B0004,Honda,F 1000 S,Cruiser,500,38.4,31.7,149,24.1,1439923,Japan,2015,No,Petrol,Manual,No,Comfort-focused road cruiser
B0005,Royal Enfield,X 800 S,Cruiser,883,104.8,126.6,292,12.2,1501262,India,2013,No,Petrol,Manual,Yes,Comfort-focused road cruiser
B0006,Jawa,Pro 390 S,Cruiser,1200,130.8,91.7,197,10.1,1637588,India,2018,Yes,Petrol,Manual,Yes,Comfort-focused road cruiser
B0007,Triumph,Thunder 400 X,Sports,390,52.1,48.6,154,25.2,1847158,UK,2010,No,Petrol,Automatic,No,High-performance sportbike
B0008,Ather,GT 390 Pro,Electric,0,78.3,93.9,98,,1409974,India,2016,Yes,Electric,Manual,Yes,Electric powertrain with instant torque
B0009,Ducati,S 250 X,Touring,500,44.5,49.6,179,18.6,3858335,Italy,2007,Yes,Petrol,Automatic,No,Long-distance touring motorcycle
B0010,KTM,GT 500 X,Commuter,110,18.5,10.5,113,67.2,276468,Austria,2021,No,Petrol,Automatic,No,Fuel-efficient daily commuter
B0011,Okinawa,Classic 100 Z,Cruiser,1200,105.4,74.3,260,5.6,1767852,India,2013,Yes,Petrol,Manual,Yes,Comfort-focused road cruiser
B0012,MV Agusta,Pro 125,Adventure,1200,107.0,98.4,232,6.9,1480817,Italy,2006,Yes,Petrol,Manual,No,Dual-purpose adventure tourer
B0013,Brahmos,R 150 R,Commuter,110,9.7,9.1,129,40.0,135684,India,2025,Yes,Petrol,Manual,Yes,Fuel-efficient daily commuter
B0014,KTM,R 800 R,Commuter,110,13.8,13.2,103,36.6,200287,Austria,2018,No,Petrol,Automatic,No,Fuel-efficient daily commuter
B0015,KTM,Turbo 125 R,Naked,300,21.5,25.8,123,35.0,378498,Austria,2021,Yes,Petrol,Manual,Yes,Entry-level performance machine
B0016,Yezdi,R 500 R,Sports,300,42.3,17.9,158,20.8,391732,India,2011,No,Petrol,Automatic,Yes,Entry-level performance machine
B0017,MV Agusta,SR 200 X,Naked,200,27.5,19.1,168,38.7,413444,Italy,2021,Yes,Petrol,Manual,Yes,Entry-level performance machine
B0018,Yamaha,SR 250 S,Touring,650,81.7,55.6,227,8.1,4178356,Japan,2008,No,Petrol,Manual,No,Long-distance touring motorcycle
B0019,Jawa,S 150,Cruiser,750,85.4,54.2,222,11.0,625756,India,2005,No,Petrol,Manual,Yes,Comfort-focused road cruiser
B0020,Brahmos,F 200 R,Commuter,150,13.1,8.1,104,67.8,270875,India,2018,No,Petrol,Manual,Yes,Fuel-efficient daily commuter
B0021,Jawa,Classic 800 Pro,Sports,250,26.2,15.6,169,31.2,839576,India,2010,Yes,Petrol,Manual,Yes,Entry-level performance machine
B0022,Suzuki,Classic 800 X,Sports,1000,141.5,84.9,200,12.9,620375,Japan,2016,Yes,Petrol,Automatic,Yes,High-performance sportbike
B0023,Okinawa,F 150 X,Cruiser,750,62.8,72.1,204,15.7,1797824,India,2008,No,Petrol,Manual,Yes,Comfort-focused road cruiser
B0024,Ather,V 100 Pro,Sports,390,59.1,32.8,205,16.7,876726,India,2005,Yes,Petrol,Automatic,Yes,High-performance sportbike
B0025,Ducati,Pro 500,Touring,650,62.8,68.2,202,15.5,2269976,Italy,2017,No,Petrol,Automatic,No,Long-distance touring motorcycle
B0026,KTM,Thunder 500 X,Sports,600,67.0,64.9,211,14.6,429808,Austria,2019,No,Petrol,Automatic,No,High-performance sportbike
B0027,Ultraviolette,GT 500 Pro,Adventure,650,85.3,56.7,190,16.1,1325370,India,2020,Yes,Petrol,Manual,Yes,Dual-purpose adventure tourer
B0028,Triumph,R 350 X,Commuter,110,12.6,10.4,109,56.2,258484,UK,2010,No,Petrol,Manual,No,Fuel-efficient daily commuter
B0029,Ducati,Pro 150 Pro,Classic,500,48.6,38.3,180,29.3,1109665,Italy,2020,No,Petrol,Manual,No,Retro-inspired motorcycle with thumping torque
B0030,Okinawa,V 800 Z,Commuter,150,11.3,8.5,118,39.4,159966,India,2012,Yes,Petrol,Manual,Yes,Fuel-efficient daily commuter
B0031,Honda,SR 110 X,Naked,500,48.6,26.6,193,20.8,736837,Japan,2014,Yes,Petrol,Automatic,No,High-performance sportbike
B0032,Suzuki,Pro 800 Z,Adventure,390,40.9,37.1,189,20.0,2620932,Japan,2023,Yes,Petrol,Automatic,No,Dual-purpose adventure tourer
B0033,Hero,Thunder 125 X,Sports,155,29.5,17.4,140,26.8,591671,India,2007,No,Petrol,Automatic,Yes,Entry-level performance machine
B0034,Harley-Davidson,Pro 100 S,Sports,155,39.5,24.4,168,20.6,557245,USA,2008,Yes,Petrol,Automatic,No,Entry-level performance machine
B0035,Ultraviolette,V 800 S,Classic,350,68.5,43.0,160,29.5,429213,India,2011,No,Petrol,Automatic,Yes,Retro-inspired motorcycle with thumping torque
B0036,TVS,F 150 Pro,Adventure,0,46.9,77.1,136,,453870,India,2022,Yes,Electric,Automatic,Yes,Dual-purpose adventure tourer
B0037,Ducati,X 1000 X,Naked,500,68.4,40.9,198,25.6,1096975,Italy,2018,No,Petrol,Automatic,No,High-performance sportbike
B0038,BMW,SR 1000 Pro,Cruiser,0,37.2,88.8,91,,3280367,Germany,2005,No,Electric,Automatic,No,Comfort-focused road cruiser
B0039,Yamaha,Classic 200 Z,Commuter,125,14.2,9.1,115,58.8,227782,Japan,2005,No,Petrol,Automatic,Yes,Fuel-efficient daily commuter
B0040,Okinawa,SR 200,Classic,650,82.1,57.0,230,12.0,643988,India,2015,Yes,Petrol,Manual,Yes,Retro-inspired motorcycle with thumping torque
B0041,Bajaj,GT 150 R,Commuter,150,15.1,12.6,138,41.3,221482,India,2014,No,Petrol,Manual,Yes,Fuel-efficient daily commuter
B0042,Hero,GT 200 Pro,Naked,125,16.4,8.8,131,34.1,199619,India,2010,No,Petrol,Automatic,Yes,Entry-level performance machine
B0043,Royal Enfield,Turbo 110 Pro,Cruiser,883,130.4,111.2,199,6.5,2495037,India,2008,Yes,Petrol,Manual,Yes,Comfort-focused road cruiser
B0044,KTM,S 400 Z,Commuter,110,12.6,13.5,119,64.4,224893,Austria,2025,Yes,Petrol,Manual,Yes,Fuel-efficient daily commuter
B0045,MV Agusta,SR 125 Z,Sports,150,12.9,12.1,130,41.7,617700,Italy,2013,Yes,Petrol,Manual,No,Entry-level performance machine
B0046,Aprilia,SR 300 Pro,Adventure,1200,100.4,85.9,198,5.7,2164879,Italy,2008,No,Petrol,Automatic,No,Dual-purpose adventure tourer
B0047,Ampere,V 390 Z,Naked,500,53.9,47.2,181,24.1,262784,India,2023,Yes,Petrol,Automatic,Yes,High-performance sportbike
B0048,Royal Enfield,GT 350 Z,Commuter,0,39.4,73.3,83,,98360,India,2020,No,Electric,Manual,Yes,Fuel-efficient daily commuter
B0049,MV Agusta,GT 250 X,Sports,600,86.5,59.0,230,8.4,641031,Italy,2022,No,Petrol,Manual,No,High-performance sportbike
B0050,Royal Enfield,Classic 400 X,Sports,600,62.1,54.3,176,19.1,1227905,India,2010,Yes,Petrol,Manual,Yes,High-performance sportbike
B0051,Ampere,Pro 300 Pro,Adventure,390,66.5,36.5,155,24.7,795266,India,2020,No,Hybrid,Automatic,Yes,Dual-purpose adventure tourer
B0052,Harley-Davidson,Pro 125 X,Cruiser,0,54.4,122.1,125,,4347625,USA,2015,No,Electric,Automatic,No,Comfort-focused road cruiser
B0053,Ampere,S 400,Naked,0,94.3,127.0,117,,654742,India,2019,No,Electric,Automatic,Yes,High-performance sportbike
B0054,Okinawa,SR 1000 X,Adventure,250,31.8,28.6,144,27.7,692819,India,2008,Yes,Petrol,Automatic,Yes,Dual-purpose adventure tourer
B0055,Kawasaki,Turbo 100,Sports,155,36.4,16.5,150,35.6,764651,Japan,2015,No,Petrol,Automatic,No,Entry-level performance machine
B0056,Harley-Davidson,X 400 Pro,Commuter,110,19.1,14.0,105,47.4,243261,USA,2005,Yes,Petrol,Automatic,Yes,Fuel-efficient daily commuter
B0057,Royal Enfield,Classic 300 R,Cruiser,500,52.6,44.8,161,17.6,2113615,India,2023,Yes,Petrol,Automatic,Yes,Comfort-focused road cruiser
B0058,Jawa,F 200 X,Cruiser,750,96.0,61.3,196,16.1,836694,India,2013,No,Petrol,Automatic,Yes,Comfort-focused road cruiser
B0059,Kawasaki,SR 300 X,Commuter,100,14.9,11.4,144,41.8,278704,Japan,2014,Yes,Petrol,Automatic,No,Fuel-efficient daily commuter
B0060,Okinawa,Classic 150,Adventure,390,57.1,43.0,157,24.4,481158,India,2007,No,Petrol,Manual,Yes,Dual-purpose adventure tourer
B0061,Ampere,Thunder 125 R,Cruiser,500,65.1,34.1,204,28.7,873559,India,2015,No,Petrol,Automatic,Yes,Comfort-focused road cruiser
B0062,Bajaj,R 125 R,Classic,750,99.2,78.9,231,12.4,467308,India,2013,No,Petrol,Automatic,Yes,Retro-inspired motorcycle with thumping torque
B0063,BMW,F 250 Pro,Classic,750,61.0,75.9,231,11.9,789375,Germany,2008,No,Petrol,Automatic,Yes,Retro-inspired motorcycle with thumping torque
B0064,Royal Enfield,Turbo 110 R,Cruiser,1200,121.8,110.2,275,12.0,2175817,India,2025,Yes,Petrol,Automatic,Yes,Comfort-focused road cruiser
B0065,Bajaj,S 300 S,Commuter,100,10.6,10.7,115,64.2,184603,India,2017,No,Petrol,Manual,Yes,Fuel-efficient daily commuter
B0066,Ather,R 1000 X,Sports,150,15.7,11.6,101,32.0,536244,India,2022,Yes,Petrol,Manual,Yes,Entry-level performance machine
B0067,Ultraviolette,SR 250 R,Adventure,1200,150.1,78.7,196,10.4,937857,India,2016,Yes,Petrol,Manual,Yes,Dual-purpose adventure tourer
B0068,Okinawa,X 125 S,Adventure,250,30.5,15.8,124,29.5,1137559,India,2021,Yes,Petrol,Manual,Yes,Dual-purpose adventure tourer
B0069,Ampere,X 100 X,Classic,500,34.3,42.8,196,16.1,403412,India,2024,Yes,Petrol,Automatic,Yes,Retro-inspired motorcycle with thumping torque
B0070,Aprilia,Classic 300 Z,Adventure,1200,125.4,95.8,281,12.0,3358560,Italy,2015,Yes,Petrol,Automatic,No,Dual-purpose adventure tourer
B0071,Honda,R 250 X,Classic,411,45.0,28.8,200,16.0,300011,Japan,2023,Yes,Petrol,Manual,No,Retro-inspired motorcycle with thumping torque
B0072,KTM,R 300 S,Cruiser,0,16.9,124.5,66,,1752730,Austria,2020,Yes,Electric,Manual,Yes,Comfort-focused road cruiser
B0073,Yamaha,V 400 R,Sports,1000,129.3,116.0,259,11.1,2301111,Japan,2010,No,Petrol,Manual,Yes,High-performance sportbike
B0074,Ampere,Classic 100 R,Touring,650,76.0,50.0,163,9.1,1676858,India,2014,Yes,Petrol,Automatic,Yes,Long-distance touring motorcycle
B0075,Brahmos,S 400 Pro,Commuter,100,17.1,8.3,105,40.9,165781,India,2011,No,Petrol,Automatic,Yes,Fuel-efficient daily commuter
B0076,Ducati,Thunder 110 S,Sports,600,79.5,68.3,165,10.6,1123334,Italy,2014,Yes,Petrol,Automatic,Yes,High-performance sportbike
B0077,Hero,Thunder 125 R,Adventure,800,69.2,64.6,205,8.9,797689,India,2023,Yes,Petrol,Automatic,Yes,Dual-purpose adventure tourer
B0078,Suzuki,F 300 S,Adventure,250,44.2,16.7,180,32.4,1434172,Japan,2017,No,Petrol,Manual,No,Dual-purpose adventure tourer
B0079,Brahmos,GT 110 Z,Cruiser,350,37.8,44.4,184,25.9,2008854,India,2011,Yes,Petrol,Automatic,Yes,Comfort-focused road cruiser
B0080,Yezdi,F 110 R,Adventure,800,82.5,65.3,232,15.7,1729213,India,2007,Yes,Petrol,Automatic,Yes,Dual-purpose adventure tourer
B0081,Harley-Davidson,V 800 S,Classic,650,80.3,55.9,217,8.5,844070,USA,2019,Yes,Petrol,Automatic,No,Retro-inspired motorcycle with thumping torque
B0082,Royal Enfield,S 500 R,Classic,411,50.1,48.9,197,16.6,766020,India,2006,Yes,Petrol,Manual,Yes,Retro-inspired motorcycle with thumping torque
B0083,Okinawa,Turbo 390 Z,Naked,650,74.9,54.9,212,17.3,787906,India,2008,Yes,Petrol,Automatic,Yes,High-performance sportbike
B0084,KTM,V 200,Naked,900,132.2,79.0,190,10.8,1027178,Austria,2024,No,Hybrid,Manual,No,High-performance sportbike
B0085,TVS,Thunder 500 S,Cruiser,500,63.2,43.5,207,16.4,2017751,India,2010,No,Petrol,Automatic,Yes,Comfort-focused road cruiser
B0086,Ultraviolette,Turbo 150 R,Cruiser,500,41.8,44.7,204,26.6,2390889,India,2024,Yes,Petrol,Automatic,Yes,Comfort-focused road cruiser
B0087,Jawa,GT 125 R,Adventure,1200,101.6,96.3,232,8.6,2101642,India,2022,No,Petrol,Manual,Yes,Dual-purpose adventure tourer
B0088,Okinawa,Turbo 1000 R,Cruiser,750,82.8,60.4,196,17.3,1900265,India,2013,Yes,Petrol,Manual,Yes,Comfort-focused road cruiser
B0089,Royal Enfield,Classic 390 Pro,Naked,900,149.6,87.1,277,6.6,1555920,India,2012,No,Petrol,Manual,Yes,High-performance sportbike
B0090,Kawasaki,X 300 Pro,Touring,1250,106.5,129.7,227,7.2,5472437,Japan,2006,Yes,Petrol,Manual,Yes,Long-distance touring motorcycle
B0091,Harley-Davidson,GT 800,Naked,500,30.2,27.0,172,18.2,924686,USA,2012,Yes,Petrol,Automatic,Yes,High-performance sportbike
B0092,Royal Enfield,F 800 Z,Cruiser,883,148.6,100.0,248,5.2,2065187,India,2005,No,Petrol,Automatic,Yes,Comfort-focused road cruiser
B0093,Triumph,S 300 R,Classic,750,80.9,57.6,227,14.5,1129650,UK,2013,No,Petrol,Automatic,No,Retro-inspired motorcycle with thumping torque
B0094,Yamaha,Classic 150,Commuter,100,16.8,10.0,102,44.1,221517,Japan,2025,No,Petrol,Automatic,Yes,Fuel-efficient daily commuter
B0095,Jawa,Turbo 100 S,Sports,155,25.0,14.7,179,26.2,721882,India,2025,No,Petrol,Manual,Yes,Entry-level performance machine
B0096,Ultraviolette,X 1000,Cruiser,750,92.0,60.3,211,16.9,1515129,India,2021,No,Petrol,Automatic,Yes,Comfort-focused road cruiser
B0097,Ather,Thunder 110 X,Commuter,110,11.9,8.5,142,41.8,177511,India,2019,No,Petrol,Automatic,Yes,Fuel-efficient daily commuter
B0098,Royal Enfield,Classic 400 S,Naked,900,156.4,74.5,261,9.1,1528995,India,2024,Yes,Hybrid,Manual,Yes,High-performance sportbike
B0099,MV Agusta,X 125 Pro,Commuter,110,12.4,10.3,136,31.3,270030,Italy,2021,Yes,Petrol,Manual,No,Fuel-efficient daily commuter
B0100,Brahmos,SR 110 Pro,Naked,900,126.2,124.8,195,7.6,1176567,India,2011,No,Petrol,Automatic,Yes,High-performance sportbike
B0101,Bajaj,R 350 R,Sports,600,63.5,68.9,200,16.0,1022970,India,2025,No,Petrol,Manual,Yes,High-performance sportbike
B0102,Yezdi,Pro 150 Pro,Commuter,110,10.8,11.0,123,52.2,157590,India,2007,Yes,Petrol,Manual,Yes,Fuel-efficient daily commuter
B0103,Ampere,Turbo 390 X,Classic,500,33.0,49.3,149,21.7,643502,India,2018,Yes,Petrol,Manual,Yes,Retro-inspired motorcycle with thumping torque
B0104,Ducati,X 1000 Pro,Touring,650,66.5,77.7,188,12.2,3928102,Italy,2025,No,Petrol,Manual,Yes,Long-distance touring motorcycle
B0105,KTM,F 125 Z,Sports,390,56.3,43.0,183,27.6,1237974,Austria,2025,Yes,Petrol,Automatic,Yes,High-performance sportbike
B0106,BMW,F 100 X,Classic,750,85.7,55.6,191,17.7,679226,Germany,2018,Yes,Petrol,Automatic,No,Retro-inspired motorcycle with thumping torque
B0107,Ultraviolette,GT 250,Cruiser,750,94.4,79.1,176,17.1,1951229,India,2013,No,Petrol,Manual,Yes,Comfort-focused road cruiser
B0108,Kawasaki,R 100 S,Cruiser,0,53.5,91.5,113,,2008778,Japan,2011,No,Electric,Automatic,No,Comfort-focused road cruiser
B0109,Harley-Davidson,Turbo 100 Pro,Commuter,150,19.6,9.3,122,31.9,302977,USA,2022,No,Petrol,Automatic,Yes,Fuel-efficient daily commuter
B0110,Bajaj,V 650 S,Classic,500,46.0,39.3,164,20.4,388075,India,2009,No,Petrol,Manual,Yes,Retro-inspired motorcycle with thumping torque
B0111,Bajaj,Classic 390 S,Classic,350,50.4,37.5,145,15.6,625997,India,2015,Yes,Petrol,Manual,Yes,Retro-inspired motorcycle with thumping torque
B0112,Triumph,Thunder 400,Cruiser,750,80.3,62.8,222,16.5,1801503,UK,2023,Yes,Petrol,Automatic,Yes,Comfort-focused road cruiser
B0113,Aprilia,Turbo 200,Sports,1000,130.5,83.7,186,10.8,1469147,Italy,2012,No,Hybrid,Manual,Yes,High-performance sportbike
B0114,Bajaj,Turbo 250 X,Sports,155,25.1,22.0,159,38.4,1035328,India,2020,Yes,Petrol,Automatic,Yes,Entry-level performance machine
B0115,Ducati,GT 350 Z,Classic,411,57.0,46.7,173,24.2,686880,Italy,2011,No,Petrol,Automatic,No,Retro-inspired motorcycle with thumping torque
B0116,Harley-Davidson,Classic 390,Cruiser,750,82.9,64.0,210,17.8,4645391,USA,2019,Yes,Petrol,Automatic,No,Comfort-focused road cruiser
B0117,Harley-Davidson,Pro 200 Z,Cruiser,750,84.6,65.5,191,8.6,2326304,USA,2008,No,Petrol,Automatic,No,Comfort-focused road cruiser
B0118,Jawa,Pro 125 X,Sports,0,67.3,130.8,120,,620641,India,2014,No,Electric,Automatic,Yes,High-performance sportbike
B0119,TVS,SR 390,Naked,0,80.7,58.6,64,,273568,India,2017,Yes,Electric,Manual,Yes,High-performance sportbike
B0120,Ampere,X 200 Z,Commuter,0,50.6,59.3,102,,78649,India,2021,No,Electric,Manual,Yes,Fuel-efficient daily commuter
B0121,Bajaj,Turbo 500 S,Cruiser,500,43.5,32.4,164,17.6,2188026,India,2017,No,Petrol,Manual,Yes,Comfort-focused road cruiser
B0122,MV Agusta,GT 350 S,Sports,155,29.6,21.1,137,39.1,956103,Italy,2006,No,Petrol,Manual,No,Entry-level performance machine
B0123,Kawasaki,Thunder 500 Z,Cruiser,750,85.5,77.9,207,15.4,2362157,Japan,2022,No,Petrol,Automatic,No,Comfort-focused road cruiser
B0124,KTM,SR 800 R,Commuter,100,14.3,10.2,136,34.5,283938,Austria,2015,Yes,Petrol,Manual,No,Fuel-efficient daily commuter
B0125,Kawasaki,SR 650 Z,Sports,300,32.8,26.9,149,22.6,1043804,Japan,2017,No,Petrol,Manual,Yes,Entry-level performance machine
B0126,Hero,S 110 Pro,Commuter,150,8.8,14.0,104,69.4,125697,India,2016,Yes,Petrol,Automatic,Yes,Fuel-efficient daily commuter
B0127,Honda,Thunder 300 Pro,Classic,750,95.0,49.7,204,9.4,875386,Japan,2014,Yes,Hybrid,Manual,No,Retro-inspired motorcycle with thumping torque
B0128,KTM,Thunder 1000 R,Classic,350,36.2,29.7,154,15.5,1090716,Austria,2011,Yes,Petrol,Manual,Yes,Retro-inspired motorcycle with thumping torque
B0129,Triumph,S 500,Sports,1000,141.8,94.1,209,10.4,1425740,UK,2012,No,Petrol,Automatic,Yes,High-performance sportbike
B0130,Jawa,Pro 150 X,Electric,0,53.2,137.2,67,,1237522,India,2022,Yes,Electric,Automatic,Yes,Electric powertrain with instant torque
B0131,Aprilia,Pro 250,Naked,500,42.0,29.6,208,22.1,950085,Italy,2018,Yes,Petrol,Automatic,No,High-performance sportbike
B0132,Jawa,V 150 S,Classic,750,78.0,58.0,228,16.7,388519,India,2011,Yes,Petrol,Manual,Yes,Retro-inspired motorcycle with thumping torque
B0133,BMW,Pro 150 X,Naked,0,77.5,131.4,102,,995242,Germany,2008,Yes,Electric,Manual,No,High-performance sportbike
B0134,Triumph,Thunder 150 Z,Naked,300,29.5,22.5,142,26.2,1058369,UK,2015,Yes,Petrol,Automatic,No,Entry-level performance machine
B0135,Yamaha,X 400 R,Cruiser,500,52.1,39.6,193,19.4,1401058,Japan,2013,No,Petrol,Automatic,No,Comfort-focused road cruiser
B0136,Harley-Davidson,F 650 X,Electric,0,86.2,134.5,105,,550742,USA,2021,Yes,Electric,Manual,Yes,Electric powertrain with instant torque
B0137,MV Agusta,X 300 R,Sports,1000,94.8,79.1,207,10.1,1443463,Italy,2005,No,Petrol,Automatic,Yes,High-performance sportbike
B0138,KTM,X 390,Classic,411,41.5,37.6,195,27.1,364234,Austria,2016,Yes,Petrol,Automatic,Yes,Retro-inspired motorcycle with thumping torque
B0139,Honda,Thunder 350 Z,Sports,155,25.6,24.9,174,21.6,1779393,Japan,2025,No,Hybrid,Manual,Yes,Entry-level performance machine
B0140,Yezdi,Thunder 500 S,Sports,390,69.0,47.4,145,18.4,1270062,India,2013,Yes,Hybrid,Manual,Yes,High-performance sportbike
B0141,KTM,X 125 S,Adventure,250,34.7,26.0,165,36.4,739873,Austria,2017,No,Hybrid,Automatic,No,Dual-purpose adventure tourer
B0142,Jawa,R 390,Commuter,125,13.2,13.0,121,54.2,244587,India,2025,No,Petrol,Manual,Yes,Fuel-efficient daily commuter
B0143,Ather,Turbo 350 R,Commuter,125,12.5,9.1,137,56.4,187136,India,2007,Yes,Petrol,Manual,Yes,Fuel-efficient daily commuter
B0144,Ather,F 125,Sports,300,22.7,14.1,139,28.9,493539,India,2019,Yes,Petrol,Automatic,Yes,Entry-level performance machine
B0145,KTM,Thunder 110 Pro,Adventure,250,22.3,23.6,140,37.3,487708,Austria,2023,Yes,Petrol,Manual,No,Dual-purpose adventure tourer
B0146,MV Agusta,GT 200 S,Classic,411,32.5,35.9,193,19.5,695582,Italy,2019,No,Petrol,Manual,Yes,Retro-inspired motorcycle with thumping torque
B0147,Ampere,Thunder 250 Z,Sports,300,28.2,19.4,172,36.5,1154928,India,2020,No,Petrol,Manual,Yes,Entry-level performance machine
B0148,Brahmos,Thunder 250 S,Sports,600,79.6,65.2,191,11.9,1023812,India,2023,Yes,Petrol,Manual,Yes,High-performance sportbike
B0149,KTM,Pro 100,Sports,0,35.1,65.3,86,,1285173,Austria,2020,Yes,Electric,Automatic,Yes,High-performance sportbike
B0150,Jawa,Thunder 110 X,Naked,650,76.0,62.7,213,14.5,1053055,India,2012,Yes,Petrol,Manual,Yes,High-performance sportbike
B0151,MV Agusta,GT 500 Z,Naked,125,15.7,11.9,121,68.6,713123,Italy,2016,Yes,Petrol,Automatic,No,Entry-level performance machine
B0152,MV Agusta,Pro 125 S,Adventure,250,27.4,28.7,125,22.3,925014,Italy,2020,No,Petrol,Automatic,Yes,Dual-purpose adventure tourer
B0153,Kawasaki,V 100,Cruiser,350,43.7,27.7,161,28.9,2802000,Japan,2012,No,Petrol,Automatic,No,Comfort-focused road cruiser
B0154,Aprilia,F 500 X,Sports,300,35.4,17.2,157,28.6,381866,Italy,2022,Yes,Petrol,Manual,Yes,Entry-level performance machine
B0155,Brahmos,R 200,Sports,1000,157.6,88.8,229,11.1,1049751,India,2014,No,Petrol,Manual,Yes,High-performance sportbike
B0156,Triumph,F 125 S,Adventure,250,22.9,20.0,129,30.2,2277904,UK,2022,No,Petrol,Manual,Yes,Dual-purpose adventure tourer
B0157,Ampere,Classic 1000 X,Sports,390,44.4,25.2,157,17.9,976487,India,2020,No,Petrol,Automatic,Yes,High-performance sportbike
B0158,Suzuki,Turbo 350 R,Naked,125,17.6,9.3,102,41.0,1105881,Japan,2023,No,Petrol,Manual,Yes,Entry-level performance machine
B0159,KTM,Classic 390 Pro,Commuter,150,19.9,8.6,141,60.1,219673,Austria,2008,Yes,Petrol,Automatic,No,Fuel-efficient daily commuter
B0160,Okinawa,S 650 S,Cruiser,1200,101.6,78.4,206,13.1,2300360,India,2015,No,Petrol,Manual,Yes,Comfort-focused road cruiser
B0161,Ampere,V 1000 Z,Cruiser,350,60.0,35.3,147,29.9,1789924,India,2015,Yes,Petrol,Manual,Yes,Comfort-focused road cruiser
B0162,Okinawa,F 300 X,Commuter,110,11.2,10.5,128,33.0,230887,India,2016,Yes,Petrol,Automatic,Yes,Fuel-efficient daily commuter
B0163,Kawasaki,Classic 400 Pro,Electric,0,84.1,89.5,71,,2051297,Japan,2011,Yes,Electric,Automatic,No,Electric powertrain with instant torque
B0164,Brahmos,Classic 390 Z,Commuter,110,13.8,10.1,143,60.5,95963,India,2008,No,Petrol,Manual,Yes,Fuel-efficient daily commuter
B0165,Yezdi,X 300 R,Classic,0,40.5,48.2,98,,183349,India,2025,No,Electric,Manual,Yes,Retro-inspired motorcycle with thumping torque
B0166,MV Agusta,GT 100 X,Touring,1000,142.9,95.8,191,12.0,843826,Italy,2005,No,Petrol,Manual,No,Long-distance touring motorcycle
B0167,Bajaj,Thunder 650 R,Electric,0,36.1,128.1,89,,873355,India,2008,Yes,Electric,Manual,Yes,Electric powertrain with instant torque
B0168,Jawa,GT 500,Classic,350,52.5,40.3,161,21.6,501530,India,2011,No,Petrol,Automatic,Yes,Retro-inspired motorcycle with thumping torque
B0169,TVS,GT 800 Pro,Touring,1250,120.1,117.5,211,7.8,1313572,India,2014,No,Petrol,Manual,Yes,Long-distance touring motorcycle
B0170,Ultraviolette,Pro 150,Adventure,800,62.2,76.4,190,13.9,789305,India,2016,Yes,Petrol,Manual,Yes,Dual-purpose adventure tourer
B0171,Brahmos,S 300 S,Sports,390,60.5,48.9,149,15.3,274192,India,2021,Yes,Petrol,Automatic,Yes,High-performance sportbike
B0172,Ampere,Pro 800 X,Naked,500,33.3,38.4,159,19.2,554470,India,2017,Yes,Petrol,Automatic,Yes,High-performance sportbike
B0173,BMW,F 500,Naked,125,13.2,13.7,115,32.3,471461,Germany,2010,Yes,Petrol,Automatic,Yes,Entry-level performance machine
B0174,Jawa,GT 350 S,Naked,650,92.9,54.1,207,9.5,978227,India,2018,Yes,Petrol,Automatic,Yes,High-performance sportbike
B0175,Ather,V 650 Z,Adventure,250,32.8,14.9,174,31.3,1060424,India,2021,Yes,Petrol,Manual,Yes,Dual-purpose adventure tourer
B0176,Hero,X 150 Pro,Sports,300,43.0,16.9,174,20.7,1150904,India,2018,No,Petrol,Manual,Yes,Entry-level performance machine
B0177,Brahmos,R 400 S,Cruiser,350,66.1,29.5,206,29.7,1234924,India,2015,No,Petrol,Automatic,Yes,Comfort-focused road cruiser
B0178,TVS,X 250 R,Adventure,650,72.2,66.8,219,12.4,2013213,India,2005,Yes,Petrol,Manual,Yes,Dual-purpose adventure tourer
B0179,Suzuki,Pro 250,Sports,1000,90.7,90.1,277,11.6,2197393,Japan,2020,Yes,Petrol,Automatic,No,High-performance sportbike
B0180,Jawa,R 100 R,Naked,650,95.8,61.0,170,15.0,836763,India,2018,Yes,Petrol,Manual,Yes,High-performance sportbike
B0181,MV Agusta,SR 200 S,Electric,0,61.6,55.5,110,,1165449,Italy,2009,Yes,Electric,Manual,No,Electric powertrain with instant torque
B0182,Yezdi,Classic 300 Pro,Classic,650,90.8,60.8,219,11.2,351642,India,2011,No,Petrol,Manual,Yes,Retro-inspired motorcycle with thumping torque
B0183,Brahmos,SR 250 X,Sports,390,42.0,45.5,162,15.5,955329,India,2019,Yes,Petrol,Manual,Yes,High-performance sportbike
B0184,Bajaj,GT 110 Pro,Commuter,100,19.8,8.8,125,44.9,215064,India,2007,Yes,Petrol,Automatic,Yes,Fuel-efficient daily commuter
B0185,Hero,SR 500 X,Electric,0,93.5,83.3,71,,765310,India,2010,No,Electric,Manual,Yes,Electric powertrain with instant torque
B0186,Honda,Thunder 500 X,Adventure,390,66.3,31.9,197,28.3,852976,Japan,2022,No,Petrol,Automatic,No,Dual-purpose adventure tourer
B0187,TVS,GT 300 R,Cruiser,1200,159.6,102.6,182,14.9,3035840,India,2023,No,Petrol,Automatic,Yes,Comfort-focused road cruiser
B0188,Ducati,V 125 Pro,Cruiser,750,61.2,73.4,195,8.7,3098799,Italy,2012,Yes,Petrol,Manual,No,Comfort-focused road cruiser
B0189,Ather,X 800 R,Adventure,1200,145.8,91.3,287,14.9,1015620,India,2016,No,Petrol,Manual,Yes,Dual-purpose adventure tourer
B0190,BMW,S 150 X,Adventure,1200,124.3,75.4,209,11.0,684998,Germany,2015,Yes,Petrol,Manual,No,Dual-purpose adventure tourer
B0191,Brahmos,GT 400,Sports,155,41.2,27.8,124,27.5,906620,India,2009,No,Petrol,Automatic,Yes,Entry-level performance machine
B0192,Yezdi,Thunder 800,Commuter,150,10.1,13.8,144,65.6,248268,India,2014,Yes,Petrol,Automatic,Yes,Fuel-efficient daily commuter
B0193,Ampere,X 650 Z,Sports,0,59.8,133.7,132,,153955,India,2025,No,Electric,Manual,Yes,High-performance sportbike
B0194,Jawa,R 150 S,Cruiser,750,95.4,48.1,202,13.4,1163453,India,2008,No,Petrol,Automatic,Yes,Comfort-focused road cruiser
B0195,Hero,Turbo 650 X,Sports,0,80.7,97.8,123,,517108,India,2020,No,Electric,Manual,Yes,High-performance sportbike
B0196,MV Agusta,Turbo 110 Pro,Cruiser,750,70.4,48.7,203,10.0,1647334,Italy,2024,Yes,Petrol,Automatic,No,Comfort-focused road cruiser
B0197,Harley-Davidson,Thunder 500 R,Naked,0,75.2,66.5,80,,181492,USA,2022,Yes,Electric,Automatic,No,High-performance sportbike
B0198,Ampere,R 100 X,Cruiser,1200,124.4,73.3,180,9.3,2146390,India,2008,No,Petrol,Manual,Yes,Comfort-focused road cruiser
B0199,Hero,F 200 Pro,Cruiser,883,111.6,93.8,242,13.9,1112827,India,2017,Yes,Petrol,Automatic,Yes,Comfort-focused road cruiser
B0200,Yamaha,X 200 X,Sports,300,40.9,23.0,129,35.0,1273321,Japan,2022,No,Petrol,Manual,Yes,Entry-level performance machine
B0201,Honda,Thunder 390,Commuter,150,10.8,9.8,125,66.1,238368,Japan,2019,Yes,Petrol,Manual,Yes,Fuel-efficient daily commuter
B0202,Yezdi,SR 125 Pro,Electric,0,92.2,131.4,115,,493455,India,2015,Yes,Electric,Automatic,Yes,Electric powertrain with instant torque
B0203,TVS,Pro 300 Z,Sports,0,45.6,54.8,126,,600412,India,2008,Yes,Electric,Automatic,Yes,High-performance sportbike
B0204,BMW,R 110 Z,Adventure,250,41.7,28.1,176,28.2,2216362,Germany,2017,Yes,Petrol,Automatic,Yes,Dual-purpose adventure tourer
B0205,Triumph,Thunder 100 X,Naked,300,21.2,21.6,137,37.9,473037,UK,2012,No,Petrol,Manual,Yes,Entry-level performance machine
B0206,Kawasaki,Classic 200,Commuter,150,9.1,10.7,126,59.6,286215,Japan,2007,Yes,Petrol,Manual,Yes,Fuel-efficient daily commuter
B0207,Ducati,Pro 400 Pro,Classic,350,63.3,45.9,171,15.5,618370,Italy,2025,No,Petrol,Automatic,No,Retro-inspired motorcycle with thumping torque
B0208,MV Agusta,Classic 350 Z,Sports,300,41.8,23.4,142,26.9,1107217,Italy,2010,No,Petrol,Manual,No,Entry-level performance machine
B0209,Ultraviolette,F 150,Commuter,110,12.9,8.1,143,30.4,156291,India,2013,Yes,Petrol,Manual,Yes,Fuel-efficient daily commuter
B0210,Triumph,V 650,Commuter,125,12.5,10.1,116,38.7,291476,UK,2021,Yes,Petrol,Manual,No,Fuel-efficient daily commuter
B0211,Yamaha,S 400 S,Adventure,650,79.3,56.8,195,15.7,1736362,Japan,2009,No,Petrol,Manual,No,Dual-purpose adventure tourer
B0212,Okinawa,S 300,Touring,1000,140.5,109.3,217,7.6,2760189,India,2012,Yes,Petrol,Automatic,Yes,Long-distance touring motorcycle
B0213,MV Agusta,Turbo 500 S,Adventure,1200,101.9,109.5,251,6.8,1840985,Italy,2025,Yes,Petrol,Automatic,Yes,Dual-purpose adventure tourer
B0214,Yamaha,V 300 S,Cruiser,750,71.8,74.8,220,8.6,3983758,Japan,2021,Yes,Petrol,Manual,Yes,Comfort-focused road cruiser
B0215,MV Agusta,V 300 Pro,Classic,350,38.0,35.2,198,17.1,666835,Italy,2025,Yes,Petrol,Automatic,Yes,Retro-inspired motorcycle with thumping torque
B0216,Kawasaki,GT 400 R,Cruiser,883,144.6,77.8,235,11.3,2547033,Japan,2016,Yes,Petrol,Manual,No,Comfort-focused road cruiser
B0217,Brahmos,Pro 150 Pro,Commuter,100,11.0,12.2,122,42.5,125086,India,2006,Yes,Petrol,Manual,Yes,Fuel-efficient daily commuter
B0218,Ampere,Turbo 650 Z,Electric,0,40.4,58.8,103,,979461,India,2020,Yes,Electric,Automatic,Yes,Electric powertrain with instant torque
B0219,Honda,SR 650 R,Sports,155,34.7,16.7,143,34.2,388956,Japan,2008,Yes,Petrol,Manual,No,Entry-level performance machine
B0220,Hero,R 300 X,Sports,300,26.3,25.2,133,33.9,843720,India,2024,Yes,Petrol,Automatic,Yes,Entry-level performance machine
B0221,Triumph,Thunder 1000 Pro,Naked,650,64.7,49.0,173,14.0,1326017,UK,2014,No,Petrol,Automatic,Yes,High-performance sportbike
B0222,KTM,SR 650 X,Adventure,650,60.5,48.1,174,18.0,1806508,Austria,2025,Yes,Petrol,Automatic,Yes,Dual-purpose adventure tourer
B0223,Ampere,X 110 R,Cruiser,0,86.6,129.0,106,,1981068,India,2008,No,Electric,Manual,Yes,Comfort-focused road cruiser
B0224,Hero,F 500 R,Commuter,125,13.3,11.7,105,44.9,130318,India,2017,No,Petrol,Automatic,Yes,Fuel-efficient daily commuter
B0225,Harley-Davidson,F 800 R,Commuter,100,16.7,13.9,110,34.1,330928,USA,2016,Yes,Petrol,Automatic,No,Fuel-efficient daily commuter
B0226,MV Agusta,GT 350 X,Commuter,0,71.3,101.8,116,,74900,Italy,2015,Yes,Electric,Manual,No,Fuel-efficient daily commuter
B0227,Suzuki,SR 350 S,Naked,900,116.9,120.3,251,13.9,1185271,Japan,2010,No,Petrol,Automatic,Yes,High-performance sportbike
B0228,Harley-Davidson,Classic 200 Pro,Cruiser,1200,135.0,94.2,210,5.8,3513891,USA,2008,No,Petrol,Automatic,No,Comfort-focused road cruiser
B0229,Aprilia,Thunder 300 Pro,Sports,390,63.0,44.8,178,28.4,1325996,Italy,2012,No,Petrol,Manual,No,High-performance sportbike
B0230,Brahmos,S 400 X,Adventure,650,64.6,71.6,188,8.0,1614204,India,2008,No,Petrol,Automatic,Yes,Dual-purpose adventure tourer
B0231,Royal Enfield,Turbo 125,Touring,1250,132.8,81.3,299,13.5,2125554,India,2018,No,Petrol,Manual,Yes,Long-distance touring motorcycle
B0232,Royal Enfield,F 400 Pro,Touring,1250,131.3,100.3,243,5.0,1545256,India,2023,No,Petrol,Manual,Yes,Long-distance touring motorcycle
B0233,Yezdi,GT 110 X,Commuter,125,12.6,13.9,144,60.5,152663,India,2009,No,Petrol,Automatic,Yes,Fuel-efficient daily commuter
B0234,Jawa,Pro 200,Classic,0,93.2,53.3,130,,431655,India,2016,Yes,Electric,Automatic,Yes,Retro-inspired motorcycle with thumping torque
B0235,Aprilia,GT 390 Z,Electric,0,55.8,42.5,101,,675554,Italy,2018,No,Electric,Automatic,No,Electric powertrain with instant torque
B0236,Jawa,X 150 S,Sports,1000,158.8,111.0,198,13.4,1828498,India,2019,Yes,Petrol,Automatic,Yes,High-performance sportbike
B0237,Bajaj,F 650 Z,Naked,200,34.0,17.8,170,35.9,570197,India,2017,Yes,Petrol,Automatic,Yes,Entry-level performance machine
B0238,Suzuki,F 250 Z,Electric,0,67.5,115.5,92,,976329,Japan,2025,No,Electric,Manual,No,Electric powertrain with instant torque
B0239,KTM,SR 800,Commuter,110,10.1,12.1,111,68.5,260301,Austria,2010,No,Petrol,Manual,No,Fuel-efficient daily commuter
B0240,Ather,Turbo 650 R,Sports,150,11.9,8.3,140,54.6,889215,India,2015,No,Petrol,Manual,Yes,Entry-level performance machine
B0241,Ducati,GT 390 Pro,Cruiser,1200,128.0,94.2,224,7.2,2153576,Italy,2008,No,Petrol,Manual,No,Comfort-focused road cruiser
B0242,Kawasaki,F 400 Z,Cruiser,500,57.3,33.0,154,20.8,3141005,Japan,2020,No,Hybrid,Automatic,Yes,Comfort-focused road cruiser
B0243,Aprilia,Pro 110 Pro,Sports,155,39.3,22.5,160,21.3,1694464,Italy,2022,Yes,Hybrid,Manual,No,Entry-level performance machine
B0244,Suzuki,R 650,Naked,200,37.9,14.6,124,21.1,821249,Japan,2017,No,Petrol,Automatic,No,Entry-level performance machine
B0245,Honda,X 300,Classic,250,36.0,23.9,168,34.9,325934,Japan,2014,Yes,Petrol,Automatic,No,Retro-inspired motorcycle with thumping torque
B0246,Ampere,Turbo 300 X,Commuter,100,14.4,8.8,125,61.9,190242,India,2025,Yes,Petrol,Automatic,Yes,Fuel-efficient daily commuter
B0247,Yamaha,X 390 Z,Electric,0,91.5,74.4,65,,153186,Japan,2011,Yes,Electric,Automatic,No,Electric powertrain with instant torque
B0248,Suzuki,Pro 125 R,Touring,650,93.4,51.8,183,16.1,2175657,Japan,2014,No,Petrol,Manual,No,Long-distance touring motorcycle
B0249,Ather,S 350 S,Sports,250,36.4,15.6,159,21.4,452343,India,2023,No,Petrol,Manual,Yes,Entry-level performance machine
B0250,BMW,Classic 300 R,Classic,250,39.6,25.4,161,28.7,604805,Germany,2016,No,Petrol,Automatic,No,Retro-inspired motorcycle with thumping torque
B0251,Harley-Davidson,GT 500 Z,Adventure,250,41.5,16.2,154,23.9,1036396,USA,2023,Yes,Petrol,Automatic,Yes,Dual-purpose adventure tourer
B0252,Royal Enfield,Pro 390 X,Adventure,390,38.9,44.3,177,17.0,1527991,India,2024,Yes,Petrol,Manual,Yes,Dual-purpose adventure tourer
B0253,MV Agusta,Pro 125 X,Sports,155,43.7,24.6,129,34.7,1551348,Italy,2013,Yes,Petrol,Manual,No,Entry-level performance machine
B0254,Royal Enfield,Pro 800 S,Naked,500,48.2,26.2,181,16.5,1053482,India,2017,No,Petrol,Manual,Yes,High-performance sportbike
B0255,Aprilia,S 500 Pro,Classic,650,98.9,52.8,211,12.2,943817,Italy,2010,Yes,Petrol,Automatic,Yes,Retro-inspired motorcycle with thumping torque
B0256,Ducati,SR 125 R,Naked,200,37.9,15.9,134,28.3,1056105,Italy,2025,Yes,Petrol,Manual,No,Entry-level performance machine
B0257,Hero,GT 400 Z,Cruiser,500,50.5,47.3,158,15.8,1402832,India,2014,No,Petrol,Manual,Yes,Comfort-focused road cruiser
B0258,TVS,S 350 X,Cruiser,500,46.4,28.6,163,24.3,1603495,India,2024,No,Petrol,Automatic,Yes,Comfort-focused road cruiser
B0259,BMW,Thunder 300 R,Sports,150,14.3,13.5,143,46.8,595791,Germany,2007,Yes,Petrol,Manual,No,Entry-level performance machine
B0260,Jawa,Pro 1000 Pro,Touring,1250,115.9,72.6,247,9.3,3659116,India,2009,Yes,Petrol,Automatic,Yes,Long-distance touring motorcycle
B0261,Ather,SR 1000 Pro,Adventure,650,81.7,54.0,160,16.5,720610,India,2025,Yes,Petrol,Automatic,Yes,Dual-purpose adventure tourer
B0262,Ultraviolette,Classic 300 S,Naked,125,15.8,9.5,134,46.9,574890,India,2018,No,Petrol,Manual,Yes,Entry-level performance machine
B0263,KTM,Turbo 125 S,Commuter,150,11.7,10.1,145,45.9,287495,Austria,2008,No,Petrol,Manual,Yes,Fuel-efficient daily commuter
B0264,Honda,Pro 400,Commuter,100,19.6,8.0,105,62.9,281378,Japan,2016,Yes,Petrol,Manual,Yes,Fuel-efficient daily commuter
B0265,Royal Enfield,Thunder 400,Naked,650,98.5,47.0,182,15.7,687256,India,2006,No,Petrol,Manual,Yes,High-performance sportbike
B0266,Triumph,SR 400 R,Adventure,250,36.4,29.6,125,39.9,1803228,UK,2007,Yes,Petrol,Manual,No,Dual-purpose adventure tourer
B0267,KTM,Classic 250 S,Touring,650,67.8,77.5,233,8.1,2093217,Austria,2015,Yes,Petrol,Automatic,No,Long-distance touring motorcycle
B0268,Ducati,Pro 1000 Z,Electric,0,87.6,88.2,116,,1625554,Italy,2019,No,Electric,Automatic,No,Electric powertrain with instant torque
B0269,Ather,F 800 R,Sports,600,92.0,59.4,205,14.2,670686,India,2017,No,Petrol,Manual,Yes,High-performance sportbike
B0270,MV Agusta,Classic 110 Z,Commuter,110,12.2,13.4,117,37.3,346028,Italy,2012,Yes,Petrol,Manual,No,Fuel-efficient daily commuter
B0271,Ultraviolette,SR 1000 Z,Cruiser,750,64.3,77.2,223,15.4,2695553,India,2024,No,Petrol,Automatic,Yes,Comfort-focused road cruiser
B0272,Brahmos,S 1000 S,Adventure,800,90.6,62.9,210,10.7,1671950,India,2022,No,Petrol,Automatic,Yes,Dual-purpose adventure tourer
B0273,Royal Enfield,Thunder 1000,Adventure,390,34.8,38.0,180,25.3,565688,India,2016,Yes,Petrol,Automatic,Yes,Dual-purpose adventure tourer
B0274,Triumph,GT 390 S,Commuter,110,19.5,10.1,111,50.0,229216,UK,2019,No,Petrol,Automatic,Yes,Fuel-efficient daily commuter
B0275,Jawa,F 150 Pro,Electric,0,81.8,113.9,90,,1234632,India,2009,No,Electric,Manual,Yes,Electric powertrain with instant torque
B0276,Harley-Davidson,GT 300 X,Commuter,110,18.2,11.1,120,61.4,232054,USA,2010,Yes,Hybrid,Manual,Yes,Fuel-efficient daily commuter
B0277,Ather,F 110 X,Adventure,650,74.4,64.5,192,12.1,1272329,India,2014,Yes,Petrol,Manual,Yes,Dual-purpose adventure tourer
B0278,Yamaha,Pro 350,Cruiser,0,38.4,103.1,108,,2382217,Japan,2025,Yes,Electric,Manual,No,Comfort-focused road cruiser
B0279,BMW,R 110 R,Classic,411,42.7,32.3,174,24.1,719826,Germany,2018,No,Petrol,Automatic,Yes,Retro-inspired motorcycle with thumping torque
B0280,Hero,SR 500 S,Sports,600,63.2,50.8,173,9.1,1065231,India,2021,Yes,Petrol,Automatic,Yes,High-performance sportbike
B0281,TVS,S 125 Pro,Sports,0,18.6,92.7,109,,444398,India,2025,No,Electric,Automatic,Yes,High-performance sportbike
B0282,Yezdi,F 250 S,Sports,1000,158.2,102.4,214,10.5,1431220,India,2025,Yes,Petrol,Automatic,Yes,High-performance sportbike
B0283,Aprilia,Thunder 390,Commuter,0,21.3,41.1,121,,135228,Italy,2016,Yes,Electric,Automatic,No,Fuel-efficient daily commuter
B0284,Ducati,GT 250 S,Commuter,150,16.3,11.0,130,42.0,261551,Italy,2011,Yes,Petrol,Automatic,No,Fuel-efficient daily commuter
B0285,KTM,SR 125,Classic,750,93.1,52.7,170,13.1,1161293,Austria,2025,No,Petrol,Automatic,No,Retro-inspired motorcycle with thumping torque
B0286,Ather,R 125 R,Classic,411,48.2,36.3,202,17.8,254901,India,2008,Yes,Petrol,Manual,Yes,Retro-inspired motorcycle with thumping torque
B0287,Ampere,Turbo 650 Pro,Cruiser,500,30.6,30.4,193,19.7,2325791,India,2007,Yes,Petrol,Automatic,Yes,Comfort-focused road cruiser
B0288,Jawa,Thunder 110 Z,Sports,300,42.4,18.0,144,36.6,600264,India,2012,No,Petrol,Automatic,Yes,Entry-level performance machine
B0289,Royal Enfield,R 390,Sports,155,37.0,19.0,140,23.2,921149,India,2020,Yes,Petrol,Automatic,Yes,Entry-level performance machine
B0290,Aprilia,Classic 100,Cruiser,500,39.4,35.9,141,17.5,1984376,Italy,2024,Yes,Hybrid,Automatic,Yes,Comfort-focused road cruiser
B0291,TVS,Turbo 110,Cruiser,1200,157.9,115.6,187,5.6,2076473,India,2020,Yes,Petrol,Manual,Yes,Comfort-focused road cruiser
B0292,Okinawa,Pro 800,Cruiser,750,77.5,51.8,208,12.3,920575,India,2022,Yes,Petrol,Automatic,Yes,Comfort-focused road cruiser
B0293,Ampere,Turbo 150 Z,Adventure,390,42.9,36.7,210,17.4,1452334,India,2019,No,Petrol,Automatic,Yes,Dual-purpose adventure tourer
B0294,Hero,Pro 300,Commuter,0,68.5,93.9,139,,116153,India,2007,Yes,Electric,Automatic,Yes,Fuel-efficient daily commuter
B0295,Honda,F 350 Z,Sports,155,28.1,24.3,127,21.9,1128139,Japan,2008,Yes,Petrol,Manual,No,Entry-level performance machine
B0296,Bajaj,F 1000 X,Sports,600,85.0,65.7,166,12.4,1306095,India,2025,Yes,Petrol,Manual,Yes,High-performance sportbike
B0297,Harley-Davidson,R 350,Touring,500,59.7,47.3,187,26.9,1685093,USA,2014,Yes,Petrol,Manual,Yes,Long-distance touring motorcycle
B0298,Ultraviolette,R 110,Electric,0,77.0,81.5,109,,467327,India,2022,Yes,Electric,Manual,Yes,Electric powertrain with instant torque
B0299,Bajaj,S 250,Commuter,150,13.1,8.6,111,52.0,173701,India,2015,No,Petrol,Automatic,Yes,Fuel-efficient daily commuter
B0300,KTM,Classic 1000 S,Electric,0,30.6,136.2,115,,1460564,Austria,2022,Yes,Electric,Automatic,No,Electric powertrain with instant torque
B0301,Kawasaki,X 650 Pro,Electric,0,,,126,,879978,Japan,2011,No,Petrol,Manual,No,Electric powertrain with instant torque
B0302,Hero,V 390 Z,Commuter,110,13.5,8.9,116,44.7,147636,India,2023,No,Petrol,Manual,Yes,Fuel-efficient daily commuter
B0303,Honda,SR 650 Pro,Adventure,650,66.9,73.9,233,17.8,1098569,Japan,2006,No,Petrol,Manual,No,Dual-purpose adventure tourer
B0304,Brahmos,Thunder 300 Pro,Cruiser,500,64.0,48.2,188,15.8,1520302,India,2021,Yes,Petrol,Automatic,Yes,Comfort-focused road cruiser
B0305,Okinawa,F 650 X,Sports,300,34.4,15.4,147,25.8,637880,India,2022,No,Petrol,Manual,Yes,Entry-level performance machine
B0306,Honda,Thunder 390 X,Cruiser,500,49.2,30.0,190,24.8,1939696,Japan,2013,Yes,Petrol,Manual,No,Comfort-focused road cruiser
B0307,Brahmos,S 110 Pro,Naked,900,115.6,81.4,224,10.9,988095,India,2024,No,Petrol,Automatic,Yes,High-performance sportbike
B0308,Jawa,SR 150,Classic,411,59.1,27.1,146,18.6,888669,India,2015,No,Petrol,Manual,Yes,Retro-inspired motorcycle with thumping torque
B0309,Bajaj,Turbo 100 S,Cruiser,500,38.5,38.7,173,23.2,2071574,India,2023,Yes,Petrol,Automatic,Yes,Comfort-focused road cruiser
B0310,MV Agusta,V 125 Pro,Adventure,650,87.9,54.5,219,15.9,818744,Italy,2005,No,Petrol,Manual,Yes,Dual-purpose adventure tourer
B0311,Aprilia,Thunder 390 Pro,Classic,411,53.9,27.2,165,22.5,1016129,Italy,2015,Yes,Petrol,Automatic,No,Retro-inspired motorcycle with thumping torque
B0312,Yezdi,F 250,Sports,250,44.5,22.0,171,21.2,659865,India,2012,Yes,Petrol,Automatic,Yes,Entry-level performance machine
B0313,Jawa,Thunder 500 R,Cruiser,350,50.8,41.9,169,21.3,1624917,India,2022,No,Petrol,Automatic,Yes,Comfort-focused road cruiser
B0314,Jawa,GT 400 Z,Cruiser,0,68.3,96.5,99,,1743956,India,2009,Yes,Electric,Automatic,Yes,Comfort-focused road cruiser
B0315,Yezdi,Pro 390,Cruiser,350,63.6,28.6,143,26.5,1574723,India,2011,No,Petrol,Manual,Yes,Comfort-focused road cruiser
B0316,Bajaj,X 800 Z,Sports,390,52.7,30.8,169,18.5,365462,India,2021,No,Petrol,Manual,Yes,High-performance sportbike
B0317,Triumph,F 250 R,Classic,500,35.5,29.8,144,21.1,833515,UK,2007,Yes,Petrol,Manual,Yes,Retro-inspired motorcycle with thumping torque
B0318,Kawasaki,Turbo 650 S,Commuter,0,76.4,99.4,114,,189221,Japan,2017,No,Electric,Automatic,No,Fuel-efficient daily commuter
B0319,Ducati,X 390 Pro,Naked,500,65.1,46.9,171,22.8,1370267,Italy,2014,Yes,Petrol,Manual,No,High-performance sportbike
B0320,Ampere,V 350 R,Commuter,150,19.0,12.1,109,48.5,200096,India,2023,Yes,Petrol,Manual,Yes,Fuel-efficient daily commuter
B0321,KTM,Thunder 250 X,Sports,150,15.1,12.3,112,65.3,444893,Austria,2007,Yes,Petrol,Manual,Yes,Entry-level performance machine
B0322,Kawasaki,R 390,Naked,500,69.0,40.3,160,20.7,753510,Japan,2009,Yes,Petrol,Manual,Yes,High-performance sportbike
B0323,Royal Enfield,V 650 X,Classic,411,34.7,28.3,165,15.1,319920,India,2024,No,Petrol,Manual,Yes,Retro-inspired motorcycle with thumping torque
B0324,Harley-Davidson,S 500 X,Cruiser,883,95.6,106.0,211,13.8,2406851,USA,2009,Yes,Petrol,Manual,Yes,Comfort-focused road cruiser
B0325,Yamaha,X 500 Z,Sports,1000,113.2,75.3,193,9.2,891297,Japan,2023,Yes,Petrol,Automatic,No,High-performance sportbike
B0326,Royal Enfield,V 250 S,Sports,300,39.0,27.5,124,25.9,357687,India,2021,No,Petrol,Automatic,Yes,Entry-level performance machine
B0327,Ultraviolette,S 100 Pro,Naked,650,85.2,79.6,221,16.7,798721,India,2009,No,Petrol,Automatic,Yes,High-performance sportbike
B0328,Triumph,Pro 650,Adventure,800,67.2,66.3,197,19.8,789201,UK,2018,Yes,Petrol,Automatic,Yes,Dual-purpose adventure tourer
B0329,Yamaha,F 150 Pro,Adventure,390,40.2,26.7,178,22.6,2033895,Japan,2010,No,Petrol,Manual,Yes,Dual-purpose adventure tourer
B0330,Brahmos,Turbo 350 Pro,Touring,650,85.1,76.2,228,18.8,2979332,India,2023,Yes,Petrol,Automatic,Yes,Long-distance touring motorcycle
B0331,MV Agusta,Pro 100 R,Cruiser,1200,146.0,123.3,225,5.7,1192569,Italy,2010,Yes,Petrol,Automatic,No,Comfort-focused road cruiser
B0332,Ampere,Classic 650 Pro,Naked,300,32.4,17.8,148,36.6,532170,India,2006,Yes,Petrol,Automatic,Yes,Entry-level performance machine
B0333,Ultraviolette,Turbo 390 Pro,Touring,0,20.2,127.2,79,,1197805,India,2015,No,Electric,Automatic,Yes,Long-distance touring motorcycle
B0334,Ducati,GT 150,Naked,125,16.6,11.1,100,42.4,380046,Italy,2006,Yes,Petrol,Automatic,Yes,Entry-level performance machine
B0335,MV Agusta,X 400 S,Commuter,110,10.3,9.7,120,60.9,169932,Italy,2011,Yes,Petrol,Manual,No,Fuel-efficient daily commuter
B0336,KTM,GT 650 S,Cruiser,1200,95.0,106.8,223,10.4,1325903,Austria,2006,Yes,Petrol,Automatic,Yes,Comfort-focused road cruiser
B0337,Honda,S 400,Sports,1000,121.2,91.3,222,13.2,2884689,Japan,2023,Yes,Petrol,Automatic,Yes,High-performance sportbike
B0338,Kawasaki,V 500,Sports,600,78.8,78.2,178,18.3,1458734,Japan,2019,No,Petrol,Automatic,No,High-performance sportbike
B0339,TVS,Classic 350 X,Adventure,390,43.9,39.4,205,16.5,629445,India,2017,No,Petrol,Automatic,Yes,Dual-purpose adventure tourer
B0340,BMW,S 150 Z,Classic,350,45.4,33.5,195,26.8,811506,Germany,2023,Yes,Hybrid,Manual,No,Retro-inspired motorcycle with thumping torque
B0341,Bajaj,Turbo 250 Z,Adventure,250,24.4,29.3,124,32.0,1693587,India,2007,No,Petrol,Manual,Yes,Dual-purpose adventure tourer
B0342,Ultraviolette,S 800,Commuter,100,15.9,10.7,118,45.6,162590,India,2023,No,Petrol,Automatic,Yes,Fuel-efficient daily commuter
B0343,MV Agusta,Thunder 650 S,Cruiser,350,54.5,37.8,156,27.8,958810,Italy,2008,Yes,Petrol,Automatic,No,Comfort-focused road cruiser
B0344,Hero,S 300,Cruiser,750,76.2,60.2,187,15.9,1550178,India,2009,No,Petrol,Automatic,Yes,Comfort-focused road cruiser
B0345,Ampere,F 125 R,Electric,0,14.7,104.2,62,,371981,India,2009,No,Electric,Automatic,Yes,Electric powertrain with instant torque
B0346,Suzuki,S 300 Z,Commuter,110,13.1,12.9,124,44.2,145132,Japan,2018,Yes,Petrol,Automatic,No,Fuel-efficient daily commuter
B0347,BMW,X 400 X,Classic,750,83.2,78.7,170,9.7,1819079,Germany,2021,No,Petrol,Manual,No,Retro-inspired motorcycle with thumping torque
B0348,TVS,F 650,Cruiser,350,51.6,39.5,146,28.6,1764530,India,2018,No,Petrol,Automatic,Yes,Comfort-focused road cruiser
B0349,Yamaha,V 200 R,Electric,0,11.6,139.0,136,,1498700,Japan,2023,Yes,Electric,Automatic,Yes,Electric powertrain with instant torque
B0350,Triumph,Turbo 110 R,Sports,390,61.4,31.3,175,19.1,557628,UK,2016,Yes,Petrol,Automatic,No,High-performance sportbike
B0351,Ather,SR 350 R,Commuter,100,9.0,8.9,109,63.5,228690,India,2025,Yes,Petrol,Automatic,Yes,Fuel-efficient daily commuter
B0352,Yezdi,Classic 100,Cruiser,750,64.6,50.9,211,13.7,2008414,India,2017,Yes,Petrol,Automatic,Yes,Comfort-focused road cruiser
B0353,Harley-Davidson,Pro 1000 X,Cruiser,350,61.9,34.6,180,29.4,4327304,USA,2024,No,Petrol,Automatic,No,Comfort-focused road cruiser
B0354,Ather,V 800 Pro,Cruiser,750,75.6,72.1,190,16.8,2262516,India,2022,Yes,Petrol,Automatic,Yes,Comfort-focused road cruiser
B0355,Hero,R 100 X,Naked,125,16.2,10.1,118,40.1,153657,India,2024,Yes,Petrol,Manual,Yes,Entry-level performance machine
B0356,Aprilia,R 110 Z,Sports,155,39.1,24.4,171,39.3,560185,Italy,2013,Yes,Petrol,Automatic,No,Entry-level performance machine
B0357,MV Agusta,Classic 200 R,Commuter,100,8.7,10.3,103,40.3,230619,Italy,2010,Yes,Petrol,Automatic,No,Fuel-efficient daily commuter
B0358,Bajaj,Thunder 150 Z,Sports,600,77.7,54.1,164,8.9,1275625,India,2009,Yes,Petrol,Automatic,Yes,High-performance sportbike
B0359,Aprilia,X 500 X,Naked,300,28.2,20.3,120,30.3,1250797,Italy,2005,Yes,Petrol,Manual,No,Entry-level performance machine
B0360,Harley-Davidson,Pro 250 S,Sports,600,62.2,79.9,171,12.4,973703,USA,2022,Yes,Petrol,Manual,Yes,High-performance sportbike
B0361,Honda,V 650 X,Naked,125,12.3,8.5,140,47.5,423225,Japan,2017,Yes,Petrol,Automatic,Yes,Entry-level performance machine
B0362,KTM,Turbo 390 X,Naked,125,8.7,12.7,102,46.2,804067,Austria,2007,Yes,Petrol,Manual,Yes,Entry-level performance machine
B0363,Jawa,X 350 Z,Adventure,250,36.2,14.2,160,21.0,1099717,India,2023,Yes,Petrol,Manual,Yes,Dual-purpose adventure tourer
B0364,TVS,R 110 X,Commuter,110,10.4,10.0,143,46.1,197259,India,2011,Yes,Petrol,Automatic,Yes,Fuel-efficient daily commuter
B0365,Royal Enfield,Classic 110 Pro,Adventure,650,76.6,69.4,230,10.0,1442648,India,2025,Yes,Petrol,Manual,Yes,Dual-purpose adventure tourer
B0366,Triumph,GT 100 X,Classic,250,24.5,15.4,161,31.9,670438,UK,2009,Yes,Petrol,Manual,No,Retro-inspired motorcycle with thumping torque
B0367,Ducati,SR 125 Z,Classic,750,67.2,62.5,171,15.5,562736,Italy,2024,Yes,Petrol,Manual,No,Retro-inspired motorcycle with thumping torque
B0368,KTM,Turbo 800,Adventure,390,37.7,44.9,200,22.5,1185333,Austria,2018,No,Petrol,Manual,Yes,Dual-purpose adventure tourer
B0369,Triumph,Turbo 100 Pro,Commuter,0,62.3,72.6,82,,154763,UK,2012,Yes,Electric,Manual,No,Fuel-efficient daily commuter
B0370,Ultraviolette,Classic 150 Pro,Commuter,125,10.8,10.5,112,45.0,108652,India,2009,Yes,Petrol,Automatic,Yes,Fuel-efficient daily commuter
B0371,Ultraviolette,Turbo 125 X,Touring,1000,140.4,107.9,214,7.0,1165658,India,2008,No,Petrol,Manual,Yes,Long-distance touring motorcycle
B0372,Kawasaki,GT 800 S,Classic,0,55.7,126.2,137,,401822,Japan,2007,Yes,Electric,Manual,No,Retro-inspired motorcycle with thumping torque
B0373,Ultraviolette,Turbo 200 Pro,Adventure,800,69.9,56.5,234,10.7,2358036,India,2006,Yes,Petrol,Automatic,Yes,Dual-purpose adventure tourer
B0374,Royal Enfield,Pro 100 X,Electric,0,77.4,109.3,121,,275519,India,2022,Yes,Electric,Manual,Yes,Electric powertrain with instant torque
B0375,Suzuki,GT 250 S,Electric,0,19.7,110.3,71,,183205,Japan,2019,No,Electric,Manual,No,Electric powertrain with instant torque
B0376,Yezdi,Classic 500 X,Commuter,0,46.7,67.0,69,,85223,India,2014,No,Electric,Manual,Yes,Fuel-efficient daily commuter
B0377,Triumph,SR 800,Adventure,250,28.4,28.9,152,38.9,2335016,UK,2016,Yes,Petrol,Automatic,Yes,Dual-purpose adventure tourer
B0378,KTM,Pro 650 R,Naked,200,26.0,15.8,150,34.7,1800331,Austria,2016,Yes,Hybrid,Automatic,No,Entry-level performance machine
B0379,Ducati,V 100 Pro,Naked,300,32.2,22.4,127,29.4,1547488,Italy,2011,No,Petrol,Manual,No,Entry-level performance machine
B0380,Kawasaki,Thunder 125 S,Sports,150,11.3,12.2,131,36.0,735290,Japan,2016,Yes,Petrol,Automatic,No,Entry-level performance machine
B0381,Aprilia,SR 110 Pro,Sports,1000,148.4,101.2,222,9.1,1954370,Italy,2014,No,Petrol,Automatic,No,High-performance sportbike
B0382,Ampere,V 150 X,Sports,250,39.2,14.8,142,25.7,499101,India,2010,No,Hybrid,Manual,Yes,Entry-level performance machine
B0383,MV Agusta,GT 150 Pro,Commuter,100,14.9,10.6,123,37.4,288997,Italy,2019,Yes,Hybrid,Automatic,No,Fuel-efficient daily commuter
B0384,Yezdi,R 100 X,Adventure,800,97.9,77.5,179,8.1,2285830,India,2014,No,Petrol,Automatic,Yes,Dual-purpose adventure tourer
B0385,BMW,S 650 X,Naked,300,38.3,28.4,128,33.6,505973,Germany,2007,No,Petrol,Automatic,Yes,Entry-level performance machine
B0386,Triumph,S 390 R,Naked,300,22.1,27.6,163,33.4,626236,UK,2017,Yes,Petrol,Automatic,Yes,Entry-level performance machine
B0387,Suzuki,Classic 100 S,Classic,411,69.1,46.9,151,18.2,964799,Japan,2018,Yes,Petrol,Automatic,Yes,Retro-inspired motorcycle with thumping torque
B0388,BMW,GT 150 S,Adventure,800,81.0,56.7,235,17.1,1098654,Germany,2023,Yes,Hybrid,Automatic,No,Dual-purpose adventure tourer
B0389,Jawa,Thunder 200 Z,Sports,300,40.7,27.4,139,29.9,1094830,India,2009,Yes,Petrol,Manual,Yes,Entry-level performance machine
B0390,Ather,F 1000,Cruiser,883,136.6,87.3,202,9.9,2488456,India,2020,Yes,Petrol,Automatic,Yes,Comfort-focused road cruiser
B0391,TVS,Classic 400 X,Adventure,1200,108.1,111.2,268,13.2,1837692,India,2023,No,Petrol,Manual,Yes,Dual-purpose adventure tourer
B0392,Royal Enfield,Turbo 650 R,Sports,250,26.8,20.7,178,39.1,293545,India,2025,Yes,Petrol,Manual,Yes,Entry-level performance machine
B0393,Yezdi,S 800 R,Commuter,0,61.2,122.3,98,,77790,India,2022,No,Electric,Manual,Yes,Fuel-efficient daily commuter
B0394,Hero,V 250 X,Sports,300,42.8,15.6,129,30.1,616101,India,2019,Yes,Petrol,Automatic,Yes,Entry-level performance machine
B0395,TVS,GT 100 X,Sports,250,29.1,27.1,176,39.8,909429,India,2008,No,Petrol,Manual,Yes,Entry-level performance machine
B0396,Okinawa,GT 650 R,Sports,250,23.3,15.3,164,35.3,306582,India,2011,No,Petrol,Manual,Yes,Entry-level performance machine
B0397,Bajaj,F 390 Z,Sports,150,18.9,8.3,119,56.7,368546,India,2010,Yes,Petrol,Manual,Yes,Entry-level performance machine
B0398,MV Agusta,R 125,Classic,0,78.4,92.9,104,,377105,Italy,2008,Yes,Electric,Manual,No,Retro-inspired motorcycle with thumping torque
B0399,Ultraviolette,GT 800 Z,Electric,0,24.1,107.4,72,,518822,India,2023,No,Electric,Automatic,Yes,Electric powertrain with instant torque
B0400,Bajaj,Classic 300 X,Sports,155,30.2,26.2,140,22.5,347231,India,2022,No,Petrol,Automatic,Yes,Entry-level performance machine
B0401,Royal Enfield,Turbo 110 X,Sports,250,38.4,25.0,173,28.9,852642,India,2007,No,Petrol,Manual,Yes,Entry-level performance machine
B0402,Harley-Davidson,Classic 125 Pro,Touring,1250,117.7,101.4,266,5.9,2773725,USA,2016,Yes,Petrol,Manual,No,Long-distance touring motorcycle
B0403,Brahmos,Thunder 110 R,Cruiser,883,109.5,112.8,254,10.9,2759804,India,2020,No,Petrol,Automatic,Yes,Comfort-focused road cruiser
B0404,MV Agusta,Thunder 350 Z,Adventure,650,78.2,49.3,222,14.0,1160161,Italy,2010,No,Petrol,Manual,No,Dual-purpose adventure tourer
B0405,MV Agusta,V 400 Z,Cruiser,350,56.4,38.0,203,26.9,1337435,Italy,2006,No,Petrol,Manual,No,Comfort-focused road cruiser
B0406,Bajaj,Classic 1000 X,Classic,500,31.3,38.9,178,28.3,531797,India,2008,No,Petrol,Automatic,Yes,Retro-inspired motorcycle with thumping torque
B0407,BMW,F 390,Naked,650,79.0,74.9,224,8.7,1417476,Germany,2015,No,Petrol,Automatic,Yes,High-performance sportbike
B0408,BMW,Classic 250,Sports,390,65.7,33.5,152,21.4,929521,Germany,2023,Yes,Petrol,Automatic,Yes,High-performance sportbike
B0409,TVS,R 250 R,Commuter,100,8.4,11.9,127,52.7,181191,India,2023,Yes,Petrol,Automatic,Yes,Fuel-efficient daily commuter
B0410,Hero,Thunder 400 X,Electric,0,53.9,116.5,72,,1094162,India,2020,Yes,Electric,Automatic,Yes,Electric powertrain with instant torque
B0411,Brahmos,V 250 X,Sports,155,41.2,26.6,173,37.0,420019,India,2012,Yes,Petrol,Automatic,Yes,Entry-level performance machine
B0412,Triumph,R 650 Z,Commuter,100,11.3,11.4,133,49.0,144643,UK,2022,No,Petrol,Automatic,Yes,Fuel-efficient daily commuter
B0413,Suzuki,S 390 X,Classic,750,67.2,45.7,226,18.4,1369532,Japan,2025,No,Petrol,Automatic,No,Retro-inspired motorcycle with thumping torque
B0414,Triumph,Thunder 400 Pro,Commuter,110,9.8,8.9,143,60.6,254195,UK,2018,Yes,Petrol,Manual,Yes,Fuel-efficient daily commuter
B0415,Ampere,V 500 Z,Naked,200,22.8,17.1,135,35.9,548456,India,2025,No,Petrol,Automatic,Yes,Entry-level performance machine
B0416,Royal Enfield,V 125 Pro,Cruiser,750,71.1,64.3,165,19.6,2055559,India,2015,Yes,Petrol,Manual,Yes,Comfort-focused road cruiser
B0417,Triumph,R 300 S,Cruiser,350,63.6,46.1,170,16.7,3425434,UK,2007,No,Petrol,Automatic,Yes,Comfort-focused road cruiser
B0418,Bajaj,Classic 250 Z,Commuter,150,16.9,13.6,113,35.8,133594,India,2023,No,Petrol,Automatic,Yes,Fuel-efficient daily commuter
B0419,Royal Enfield,Classic 650 Pro,Adventure,650,79.0,53.6,195,18.6,869849,India,2025,No,Petrol,Manual,Yes,Dual-purpose adventure tourer
B0420,Triumph,F 800 Pro,Sports,0,87.2,78.8,90,,721928,UK,2022,No,Electric,Manual,No,High-performance sportbike
B0421,Honda,V 200 Pro,Touring,650,94.4,50.6,216,15.6,4947752,Japan,2020,Yes,Petrol,Automatic,No,Long-distance touring motorcycle
B0422,Brahmos,R 1000 R,Naked,900,94.6,95.3,273,13.1,1020576,India,2025,Yes,Petrol,Manual,Yes,High-performance sportbike
B0423,Aprilia,Turbo 800,Sports,155,25.0,18.9,156,21.6,555401,Italy,2015,Yes,Petrol,Automatic,No,Entry-level performance machine
B0424,Jawa,F 400 S,Cruiser,750,76.6,51.4,208,19.3,1814560,India,2019,Yes,Petrol,Manual,Yes,Comfort-focused road cruiser
B0425,Ultraviolette,GT 100 X,Cruiser,1200,108.2,75.3,227,6.7,1870414,India,2020,No,Petrol,Automatic,Yes,Comfort-focused road cruiser
B0426,Bajaj,SR 150 S,Cruiser,750,75.3,60.1,186,15.2,1588456,India,2009,Yes,Petrol,Automatic,Yes,Comfort-focused road cruiser
B0427,Hero,V 150 Z,Cruiser,0,50.7,127.1,107,,1522436,India,2005,No,Electric,Manual,Yes,Comfort-focused road cruiser
B0428,Honda,Thunder 650 X,Naked,900,95.1,103.4,186,8.3,1090435,Japan,2013,Yes,Petrol,Manual,No,High-performance sportbike
B0429,Honda,Thunder 500 S,Cruiser,500,52.4,39.5,173,17.5,3742769,Japan,2009,No,Hybrid,Automatic,Yes,Comfort-focused road cruiser
B0430,Brahmos,GT 350 S,Sports,600,77.2,76.6,193,15.4,826753,India,2020,Yes,Petrol,Automatic,Yes,High-performance sportbike
B0431,Jawa,F 500 X,Adventure,250,21.4,16.9,150,25.2,1338755,India,2019,No,Petrol,Manual,Yes,Dual-purpose adventure tourer
B0432,Yamaha,Pro 350 X,Electric,0,83.9,96.3,78,,523437,Japan,2010,No,Electric,Manual,No,Electric powertrain with instant torque
B0433,MV Agusta,S 100 Z,Adventure,1200,154.4,84.8,243,11.8,2068064,Italy,2023,No,Petrol,Automatic,No,Dual-purpose adventure tourer
B0434,Bajaj,GT 100 Pro,Commuter,150,15.9,10.7,117,53.8,139794,India,2015,Yes,Petrol,Automatic,Yes,Fuel-efficient daily commuter
B0435,BMW,X 800,Sports,250,21.4,15.1,180,32.0,454451,Germany,2005,No,Petrol,Manual,No,Entry-level performance machine
B0436,Yezdi,Thunder 200,Classic,750,71.9,73.0,199,18.8,664879,India,2020,No,Petrol,Manual,Yes,Retro-inspired motorcycle with thumping torque
B0437,Kawasaki,Turbo 200 Z,Touring,1250,119.6,92.1,203,9.3,3581771,Japan,2020,Yes,Petrol,Manual,No,Long-distance touring motorcycle
B0438,Aprilia,V 350 X,Adventure,0,60.1,95.1,121,,1085641,Italy,2021,No,Electric,Manual,No,Dual-purpose adventure tourer
B0439,Royal Enfield,Pro 300 X,Adventure,250,38.0,27.0,142,25.1,613644,India,2010,Yes,Petrol,Automatic,Yes,Dual-purpose adventure tourer
B0440,Yezdi,X 110 X,Commuter,125,16.7,12.5,128,55.0,145037,India,2010,Yes,Petrol,Manual,Yes,Fuel-efficient daily commuter
B0441,TVS,S 200,Commuter,100,8.2,10.4,100,36.9,157284,India,2024,No,Petrol,Automatic,Yes,Fuel-efficient daily commuter
B0442,Triumph,F 650,Classic,500,33.5,28.4,164,16.7,418830,UK,2025,Yes,Petrol,Automatic,Yes,Retro-inspired motorcycle with thumping torque
B0443,Okinawa,F 1000 Z,Classic,350,60.8,28.7,194,15.3,572932,India,2020,No,Petrol,Automatic,Yes,Retro-inspired motorcycle with thumping torque
B0444,Hero,S 150 R,Commuter,125,18.0,8.3,100,34.1,229686,India,2006,No,Petrol,Automatic,Yes,Fuel-efficient daily commuter
B0445,Harley-Davidson,Pro 400,Classic,0,90.5,81.7,122,,465329,USA,2022,No,Electric,Automatic,Yes,Retro-inspired motorcycle with thumping torque
B0446,Harley-Davidson,S 500 S,Sports,300,20.5,18.6,132,29.4,951511,USA,2009,No,Petrol,Automatic,No,Entry-level performance machine
B0447,Honda,F 500,Electric,0,21.4,89.2,120,,807527,Japan,2009,Yes,Electric,Automatic,Yes,Electric powertrain with instant torque
B0448,Suzuki,Turbo 200 R,Electric,0,12.7,83.1,66,,173083,Japan,2021,Yes,Electric,Manual,Yes,Electric powertrain with instant torque
B0449,Triumph,Pro 150 X,Cruiser,750,91.4,71.9,231,11.2,2221245,UK,2019,Yes,Hybrid,Manual,No,Comfort-focused road cruiser
B0450,Bajaj,S 400 Pro,Electric,0,21.4,69.2,65,,1133897,India,2016,Yes,Electric,Manual,Yes,Electric powertrain with instant torque
B0451,Kawasaki,Turbo 650 Pro,Commuter,110,12.0,8.8,112,47.6,212650,Japan,2014,No,Petrol,Automatic,No,Fuel-efficient daily commuter
B0452,TVS,Thunder 250,Cruiser,500,60.1,35.5,169,17.1,1506010,India,2005,No,Petrol,Automatic,Yes,Comfort-focused road cruiser
B0453,Kawasaki,X 650 Z,Sports,150,11.8,13.9,110,47.4,1280470,Japan,2018,Yes,Petrol,Automatic,No,Entry-level performance machine
B0454,MV Agusta,V 650,Naked,0,90.0,102.4,61,,904867,Italy,2019,Yes,Electric,Automatic,No,High-performance sportbike
B0455,Triumph,Classic 800,Naked,500,65.2,27.1,208,20.0,776587,UK,2025,No,Petrol,Automatic,Yes,High-performance sportbike
B0456,Hero,Pro 400 S,Touring,650,72.2,59.8,224,9.3,1328459,India,2006,No,Petrol,Manual,Yes,Long-distance touring motorcycle
B0457,Aprilia,Turbo 200 Z,Electric,0,80.4,111.5,118,,1933593,Italy,2014,Yes,Electric,Automatic,Yes,Electric powertrain with instant torque
B0458,MV Agusta,Thunder 390,Sports,155,32.9,17.1,169,27.2,387705,Italy,2018,Yes,Petrol,Manual,No,Entry-level performance machine
B0459,Harley-Davidson,R 250,Cruiser,1200,129.1,116.7,291,7.6,4115992,USA,2010,No,Petrol,Automatic,Yes,Comfort-focused road cruiser
B0460,Jawa,Turbo 125,Adventure,0,41.4,135.2,75,,645943,India,2022,Yes,Electric,Manual,Yes,Dual-purpose adventure tourer
B0461,Triumph,R 110 S,Commuter,125,9.8,10.2,123,42.1,147484,UK,2014,No,Petrol,Manual,No,Fuel-efficient daily commuter
B0462,Ultraviolette,Turbo 100 Pro,Sports,390,64.8,35.4,179,23.5,856959,India,2021,Yes,Petrol,Manual,Yes,High-performance sportbike
B0463,Aprilia,Turbo 500 X,Classic,0,38.5,44.6,101,,325914,Italy,2012,No,Electric,Automatic,No,Retro-inspired motorcycle with thumping torque
B0464,MV Agusta,V 500 Pro,Touring,650,82.9,72.9,199,14.7,2025062,Italy,2020,Yes,Petrol,Manual,No,Long-distance touring motorcycle
B0465,Hero,Pro 125 Pro,Sports,250,26.1,25.3,176,31.6,460489,India,2020,No,Petrol,Manual,Yes,Entry-level performance machine
B0466,Hero,GT 300 Pro,Cruiser,1200,108.0,76.9,192,10.4,1311266,India,2014,Yes,Petrol,Manual,Yes,Comfort-focused road cruiser
B0467,Suzuki,X 400 S,Naked,200,21.5,20.2,140,22.8,856541,Japan,2012,Yes,Petrol,Manual,No,Entry-level performance machine
B0468,BMW,Pro 800 Z,Cruiser,0,28.6,128.6,94,,660239,Germany,2005,Yes,Electric,Automatic,No,Comfort-focused road cruiser
B0469,Ather,S 500 Pro,Adventure,390,56.1,28.1,192,21.7,1406830,India,2012,No,Petrol,Manual,Yes,Dual-purpose adventure tourer
B0470,KTM,Pro 350 Pro,Electric,0,30.3,108.0,119,,2064435,Austria,2020,Yes,Electric,Manual,Yes,Electric powertrain with instant torque
B0471,Yamaha,SR 400 Z,Commuter,125,16.9,11.4,119,33.6,177015,Japan,2011,No,Petrol,Automatic,No,Fuel-efficient daily commuter
B0472,Brahmos,Classic 500 S,Touring,1250,136.4,89.3,206,9.6,2047492,India,2005,Yes,Petrol,Automatic,Yes,Long-distance touring motorcycle
B0473,Hero,Thunder 390,Naked,900,117.5,74.9,292,11.5,836072,India,2016,No,Petrol,Manual,Yes,High-performance sportbike
B0474,Honda,Classic 300 R,Commuter,100,12.4,9.2,100,38.9,220564,Japan,2024,Yes,Petrol,Manual,No,Fuel-efficient daily commuter
B0475,Okinawa,Turbo 250 Pro,Cruiser,750,88.2,66.2,160,10.4,2085961,India,2022,No,Petrol,Manual,Yes,Comfort-focused road cruiser
B0476,Ultraviolette,S 500,Naked,650,62.6,49.5,168,9.5,1373647,India,2005,No,Petrol,Manual,Yes,High-performance sportbike
B0477,MV Agusta,V 500 Z,Adventure,800,77.1,68.6,166,18.2,2452512,Italy,2016,No,Petrol,Automatic,No,Dual-purpose adventure tourer
B0478,Royal Enfield,SR 100 S,Touring,1250,112.1,93.5,222,5.8,1994247,India,2012,No,Petrol,Manual,Yes,Long-distance touring motorcycle
B0479,Ultraviolette,V 110,Sports,600,79.2,73.3,235,17.6,1094845,India,2015,No,Petrol,Manual,Yes,High-performance sportbike
B0480,Royal Enfield,Pro 800 R,Commuter,100,15.4,12.6,140,47.9,96733,India,2017,Yes,Petrol,Manual,Yes,Fuel-efficient daily commuter
B0481,Brahmos,R 800 R,Touring,0,70.3,95.9,116,,629801,India,2008,No,Electric,Manual,Yes,Long-distance touring motorcycle
B0482,Ampere,Thunder 110 Z,Commuter,150,15.2,12.0,100,48.1,239696,India,2025,Yes,Petrol,Automatic,Yes,Fuel-efficient daily commuter
B0483,MV Agusta,Turbo 390 S,Commuter,110,8.1,12.3,137,61.6,207845,Italy,2020,No,Petrol,Automatic,No,Fuel-efficient daily commuter
B0484,Kawasaki,GT 800 Pro,Sports,150,15.0,11.1,141,60.2,966794,Japan,2024,No,Petrol,Automatic,Yes,Entry-level performance machine
B0485,Yamaha,Pro 400,Electric,0,25.5,130.9,67,,1027757,Japan,2016,Yes,Electric,Automatic,Yes,Electric powertrain with instant torque
B0486,TVS,F 350,Cruiser,883,113.2,104.7,222,11.2,1644837,India,2012,Yes,Petrol,Automatic,Yes,Comfort-focused road cruiser
B0487,Hero,SR 350 Z,Naked,200,38.4,29.2,141,36.1,565235,India,2005,Yes,Petrol,Automatic,Yes,Entry-level performance machine
B0488,TVS,Pro 110 R,Classic,411,55.3,47.8,186,15.7,279602,India,2010,Yes,Petrol,Automatic,Yes,Retro-inspired motorcycle with thumping torque
B0489,Brahmos,SR 125 R,Commuter,100,11.1,8.6,143,35.5,201658,India,2019,Yes,Petrol,Automatic,Yes,Fuel-efficient daily commuter
B0490,Okinawa,Classic 500 R,Classic,650,99.9,75.9,168,9.4,815257,India,2015,No,Hybrid,Automatic,Yes,Retro-inspired motorcycle with thumping torque
B0491,Triumph,F 150 Pro,Classic,650,94.2,55.3,179,11.9,565493,UK,2007,No,Petrol,Manual,No,Retro-inspired motorcycle with thumping torque
B0492,MV Agusta,GT 390 X,Naked,900,116.2,101.1,202,8.2,1499831,Italy,2023,No,Petrol,Automatic,No,High-performance sportbike
B0493,BMW,SR 150 R,Naked,0,19.3,48.4,110,,487883,Germany,2013,Yes,Electric,Automatic,No,High-performance sportbike
B0494,Kawasaki,SR 400 Pro,Adventure,800,73.5,60.8,215,12.9,2385527,Japan,2025,Yes,Petrol,Automatic,Yes,Dual-purpose adventure tourer
B0495,TVS,Pro 390 Z,Cruiser,350,67.1,27.5,149,20.4,1585206,India,2014,No,Petrol,Automatic,Yes,Comfort-focused road cruiser
B0496,MV Agusta,SR 650 Z,Commuter,110,17.0,12.4,116,30.3,179136,Italy,2020,No,Hybrid,Manual,No,Fuel-efficient daily commuter
B0497,Jawa,SR 150 R,Commuter,150,15.0,11.3,129,58.9,171336,India,2018,Yes,Petrol,Manual,Yes,Fuel-efficient daily commuter
B0498,Suzuki,Turbo 1000 Z,Cruiser,350,53.1,28.2,141,22.5,4003072,Japan,2015,No,Petrol,Automatic,No,Comfort-focused road cruiser
B0499,BMW,GT 125 S,Commuter,150,10.5,10.3,134,45.5,229511,Germany,2010,No,Hybrid,Manual,Yes,Fuel-efficient daily commuter
B0500,KTM,S 350 Pro,Sports,155,42.8,20.2,133,24.7,1590087,Austria,2015,Yes,Petrol,Manual,No,Entry-level performance machine
